method,time_mean,time_std,num_process,result
mpi,0.1176092917448841,0.010525579571040264,32,45.33331514739548
