method,time_mean,time_std,num_process,result
mpi,0.4405262292129919,0.0008658722268277473,2,2.6788340550073406
