method,time_mean,time_std,num_process,result
mpi,0.1445256564184092,0.011420562301241792,12,2.678816474719743
