method,time_mean,time_std,num_process,result
mpi,0.861413458478637,0.001001346845752688,1,2.6788340550072443
