method,time_mean,time_std,num_process,result
mpi,0.30187224969267845,0.0006907249511699631,3,2.6788296599287547
