method,time_mean,time_std,num_process,result
mpi,0.15195955208037049,0.023467800148251637,20,2.6788340550073153
