method,time_mean,time_std,num_process,result
mpi,0.09699402074329555,0.009563326725737868,16,45.33331514739544
