method,time_mean,time_std,num_process,result
mpi,0.14971321856137365,0.005573022835854456,7,2.678829659928735
