method,time_mean,time_std,num_process,result
mpi,0.10632333322428167,0.0136922443969717,8,45.333315147395204
