method,time_mean,time_std,num_process,result
mpi,0.09455366671318188,0.006977984820283928,10,45.33331514739558
