method,time_mean,time_std,num_process,result
mpi,0.1266806460916996,0.008070023115450827,5,45.33331514739584
