method,time_mean,time_std,num_process,result
mpi,0.14635687501868233,0.019677051776247838,20,2.6788340550073153
