method,time_mean,time_std,num_process,result
mpi,0.28614166675833985,0.04640701304429187,4,2.6788340550072878
