method,time_mean,time_std,num_process,result
mpi,0.15271760418545455,0.009747756418147818,10,2.6788340550073135
