method,time_mean,time_std,num_process,result
mpi,0.14668140595313162,0.0032066329731309184,7,2.678829659928735
