method,time_mean,time_std,num_process,result
mpi,0.12040338496444747,0.013510404703431506,12,45.33301840390837
