method,time_mean,time_std,num_process,result
mpi,0.19387284392723814,0.0653939045829,32,2.678834055007315
