method,time_mean,time_std,num_process,result
mpi,0.15354170819045976,0.0011054723421936661,6,2.67881647471975
