method,time_mean,time_std,num_process,result
mpi,0.13991343771340325,0.02395895520090176,12,2.678816474719743
