method,time_mean,time_std,num_process,result
mpi,0.5423721042461693,0.013598810676053641,1,45.333315147393506
