method,time_mean,time_std,num_process,result
mpi,0.3335618959972635,0.04491587529564935,2,45.333315147396576
