method,time_mean,time_std,num_process,result
mpi,0.22685644798912108,0.0015743470426638334,4,2.6788340550072878
