method,time_mean,time_std,num_process,result
mpi,0.1593915309640579,0.017108334190222806,8,2.678834055007318
