method,time_mean,time_std,num_process,result
mpi,0.09919661452295259,0.0023712496427028638,6,45.33301840390823
