method,time_mean,time_std,num_process,result
mpi,0.09445781249087304,0.004140328644635329,7,45.33324096147785
