method,time_mean,time_std,num_process,result
mpi,0.11823416652623564,0.025878774415753706,20,45.333315147395425
