method,time_mean,time_std,num_process,result
mpi,0.18274418724467978,0.0023422719259328763,5,2.678834055007302
