method,time_mean,time_std,num_process,result
mpi,0.18152724980609491,0.001802378585370919,5,2.678834055007302
