method,time_mean,time_std,num_process,result
mpi,0.1492743648122996,0.014166270589375656,16,2.67883405500732
