method,time_mean,time_std,num_process,result
mpi,0.1416465415386483,0.0014416764111172722,4,45.3333151473953
