method,time_mean,time_std,num_process,result
mpi,0.1946499165496789,0.018846446166922125,3,45.33324096147824
