method,time_mean,time_std,num_process,result
mpi,0.4408016044762917,0.0016360961670485827,2,2.6788340550073406
