method,time_mean,time_std,num_process,result
mpi,0.14374308328842744,0.00790327797646814,8,2.678834055007318
