method,time_mean,time_std,num_process,result
mpi,0.3027530625113286,0.00019392062147356877,3,2.6788296599287547
