method,time_mean,time_std,num_process,result
mpi,0.15527820825809613,0.0017434874759565478,6,2.67881647471975
