method,time_mean,time_std,num_process,result
mpi,0.17224286479176953,0.01508085949883268,32,2.678834055007315
