method,time_mean,time_std,num_process,result
mpi,0.1385593227460049,0.0092490285577692,10,2.6788340550073135
