method,time_mean,time_std,num_process,result
mpi,0.17261229181895033,0.04696961851332006,16,2.67883405500732
