method,time_mean,time_std,num_process,result
mpi,0.8600409792852588,0.0030669753412083806,1,2.6788340550072443
