method,time_mean,time_std,result
single_process,0.8860973854898475,0.03168753417609367,2.6788340550072443
library,2.121902070939541e-05,1.8152458404368872e-06,2.678835516246704
