method,time_mean,time_std,result
single_process,0.8638663852470927,0.004095522092219486,2.6788340550072443
library,2.1135201677680016e-05,1.5878748870264244e-06,2.678835516246704
