method,time_mean,time_std,result
single_process,0.5274723953916691,7.008878294950643e-05,45.333315147393506
library,1.3666809536516666e-05,1.8561207691902755e-06,45.33333333333333
